"GAME_ID","INN_CT","BAT_HOME_ID","OUTS_CT","BALLS_CT","STRIKES_CT","PITCH_SEQ_TX","BAT_ID","BAT_HAND_CD","RESP_BAT_ID","RESP_BAT_HAND_CD","PIT_ID","PIT_HAND_CD","RESP_PIT_ID","RESP_PIT_HAND_CD","EVENT_TX","PH_FL","BAT_LINEUP_ID","EVENT_CD","BAT_EVENT_FL","AB_FL","REMOVED_FOR_PH_BAT_ID","REMOVED_FOR_PH_BAT_FLD_CD"
"BAL201908010",1,0,0,3,2,"FBBFFBB","bichb001","R","bichb001","R","wojca001","R","wojca001","R","W","F",1,14,"T","F","",0
"BAL201908010",1,0,0,1,2,"SCF*BT","biggc002","L","biggc002","L","wojca001","R","wojca001","R","K","F",2,3,"T","T","",0
"BAL201908010",1,0,1,1,2,"CB1FX","guerv002","R","guerv002","R","wojca001","R","wojca001","R","9/L9LM","F",3,2,"T","T","",0
"BAL201908010",1,0,2,2,2,"C*BCBX","smoaj001","L","smoaj001","L","wojca001","R","wojca001","R","3/G34S","F",4,2,"T","T","",0
"BAL201908010",1,1,0,1,0,"BX","villj001","L","villj001","L","thort002","R","thort002","R","8/F8RM","F",1,2,"T","T","",0
"BAL201908010",1,1,1,0,0,"X","manct001","R","manct001","R","thort002","R","thort002","R","53/G56","F",2,2,"T","T","",0
"BAL201908010",1,1,2,2,2,"CBBFFFX","santa003","L","santa003","L","thort002","R","thort002","R","31/G3","F",3,2,"T","T","",0
"BAL201908010",2,0,0,2,2,"FBSBX","gricr001","R","gricr001","R","wojca001","R","wojca001","R","S8/L8RM","F",5,20,"T","T","",0
"BAL201908010",2,0,0,0,2,"FFS","galvf001","L","galvf001","L","wojca001","R","wojca001","R","K","F",6,3,"T","T","",0
"BAL201908010",2,0,1,2,2,"C*BBFT","hernt002","R","hernt002","R","wojca001","R","wojca001","R","K","F",7,3,"T","T","",0
"BAL201908010",2,0,2,1,2,"FB1FX","mckib001","L","mckib001","L","wojca001","R","wojca001","R","5/F6D-","F",8,2,"T","T","",0
"BAL201908010",2,1,0,2,2,"CCBFBX","nuner001","R","nuner001","R","thort002","R","thort002","R","7/F7S","F",4,2,"T","T","",0
"BAL201908010",2,1,1,0,1,"CX","petej002","L","petej002","L","thort002","R","thort002","R","31/G34-","F",5,2,"T","T","",0
"BAL201908010",2,1,2,0,2,"FCFX","siscc001","L","siscc001","L","thort002","R","thort002","R","8/F8RXD+","F",6,2,"T","T","",0
"BAL201908010",3,0,0,2,2,"BBSFX","jansd001","R","jansd001","R","wojca001","R","wojca001","R","6/F78S","F",9,2,"T","T","",0
"BAL201908010",3,0,1,2,2,"BFCBFFT","bichb001","R","bichb001","R","wojca001","R","wojca001","R","K","F",1,3,"T","T","",0
"BAL201908010",3,0,2,1,1,"CBX","biggc002","L","biggc002","L","wojca001","R","wojca001","R","S7/F7S-","F",2,20,"T","T","",0
"BAL201908010",3,0,2,0,0,"X","guerv002","R","guerv002","R","wojca001","R","wojca001","R","HR/F8LXD+.1-H","F",3,23,"T","T","",0
"BAL201908010",3,0,2,3,2,"CFBBBB","smoaj001","L","smoaj001","L","wojca001","R","wojca001","R","W","F",4,14,"T","F","",0
"BAL201908010",3,0,2,0,1,"CX","gricr001","R","gricr001","R","wojca001","R","wojca001","R","4/L6D","F",5,2,"T","T","",0
"BAL201908010",3,1,0,0,1,"CX","albeh001","R","albeh001","R","thort002","R","thort002","R","S4/L34-","F",7,20,"T","T","",0
"BAL201908010",3,1,0,3,1,"BBBCX","davic003","L","davic003","L","thort002","R","thort002","R","S8/L6M.1-2","F",8,20,"T","T","",0
"BAL201908010",3,1,0,1,0,"BX","wilks001","L","wilks001","L","thort002","R","thort002","R","S1.2-3;1-2","F",9,20,"T","T","",0
"BAL201908010",3,1,0,2,1,"BF*BX","villj001","L","villj001","L","thort002","R","thort002","R","6/IF/P6D-","F",1,2,"T","T","",0
"BAL201908010",3,1,1,0,1,"CX","manct001","R","manct001","R","thort002","R","thort002","R","46(1)3/GDP/G4+","F",2,2,"T","T","",0
"BAL201908010",4,0,0,3,2,"BCBFFBFB","galvf001","L","galvf001","L","wojca001","R","wojca001","R","W","F",6,14,"T","F","",0
"BAL201908010",4,0,0,0,0,"1X","hernt002","R","hernt002","R","wojca001","R","wojca001","R","6/F6-","F",7,2,"T","T","",0
"BAL201908010",4,0,1,0,0,"X","mckib001","L","mckib001","L","wojca001","R","wojca001","R","9/F89D","F",8,2,"T","T","",0
"BAL201908010",4,0,2,2,2,"FC*B*BFX","jansd001","R","jansd001","R","wojca001","R","wojca001","R","S9/L4D.1-2","F",9,20,"T","T","",0
"BAL201908010",4,0,2,0,0,"X","bichb001","R","bichb001","R","wojca001","R","wojca001","R","S7/L78S.2-H;1-3","F",1,20,"T","T","",0
"BAL201908010",4,0,2,0,2,"FFC","biggc002","L","biggc002","L","wojca001","R","wojca001","R","K","F",2,3,"T","T","",0
"BAL201908010",4,1,0,2,2,"BCFFBX","santa003","L","santa003","L","thort002","R","thort002","R","53/G6M-","F",3,2,"T","T","",0
"BAL201908010",4,1,1,1,1,"BFX","nuner001","R","nuner001","R","thort002","R","thort002","R","S9/L4D-","F",4,20,"T","T","",0
"BAL201908010",4,1,1,3,1,"BFBBX","petej002","L","petej002","L","thort002","R","thort002","R","9/F89D","F",5,2,"T","T","",0
"BAL201908010",4,1,2,0,1,"SX","siscc001","L","siscc001","L","thort002","R","thort002","R","7/F7D+","F",6,2,"T","T","",0
"BAL201908010",5,0,0,0,0,"X","guerv002","R","guerv002","R","wojca001","R","wojca001","R","4/F4-","F",3,2,"T","T","",0
"BAL201908010",5,0,1,0,1,"CX","smoaj001","L","smoaj001","L","wojca001","R","wojca001","R","43/G34+","F",4,2,"T","T","",0
"BAL201908010",5,0,2,2,2,"BBFFX","gricr001","R","gricr001","R","wojca001","R","wojca001","R","HR/F78XD+","F",5,23,"T","T","",0
"BAL201908010",5,0,2,2,2,".BTCBFC","galvf001","L","galvf001","L","yacaj001","R","yacaj001","R","K","F",6,3,"T","T","",0
"BAL201908010",5,1,0,0,0,"H","albeh001","R","albeh001","R","thort002","R","thort002","R","HP","F",7,16,"T","F","",0
"BAL201908010",5,1,0,1,1,"CBX","davic003","L","davic003","L","thort002","R","thort002","R","S9/G4+.1-3","F",8,20,"T","T","",0
"BAL201908010",5,1,0,1,2,"BCFFS","wilks001","L","wilks001","L","thort002","R","thort002","R","K","F",9,3,"T","T","",0
"BAL201908010",5,1,1,0,1,"SX","villj001","L","villj001","L","thort002","R","thort002","R","43/G34S-.3-H;1-2","F",1,2,"T","T","",0
"BAL201908010",5,1,2,2,1,"SBBX","manct001","R","manct001","R","thort002","R","thort002","R","43/G6M","F",2,2,"T","T","",0
"BAL201908010",6,0,0,3,1,"BCBBB","hernt002","R","hernt002","R","yacaj001","R","yacaj001","R","W","F",7,14,"T","F","",0
"BAL201908010",6,0,0,1,1,"BCX","mckib001","L","mckib001","L","yacaj001","R","yacaj001","R","S9/G4.1-3","F",8,20,"T","T","",0
"BAL201908010",6,0,0,3,2,"CFBBBX","jansd001","R","jansd001","R","yacaj001","R","yacaj001","R","HR/F7D+.3-H;1-H","F",9,23,"T","T","",0
"BAL201908010",6,0,0,2,2,"CSBBS","bichb001","R","bichb001","R","yacaj001","R","yacaj001","R","K","F",1,3,"T","T","",0
"BAL201908010",6,0,1,0,1,"FX","biggc002","L","biggc002","L","yacaj001","R","yacaj001","R","S9/L4","F",2,20,"T","T","",0
"BAL201908010",6,0,1,2,2,"CBBSX","guerv002","R","guerv002","R","yacaj001","R","yacaj001","R","D7/L5D+.1-H","F",3,21,"T","T","",0
"BAL201908010",6,0,1,2,2,"CCBFBFS","smoaj001","L","smoaj001","L","yacaj001","R","yacaj001","R","K","F",4,3,"T","T","",0
"BAL201908010",6,0,2,3,2,"FBCBFBFB","gricr001","R","gricr001","R","yacaj001","R","yacaj001","R","W","F",5,14,"T","F","",0
"BAL201908010",6,0,2,2,2,".FB*BCX","galvf001","L","galvf001","L","tated001","R","tated001","R","13/G-","F",6,2,"T","T","",0
"BAL201908010",6,1,0,2,2,"BCFBS","santa003","L","santa003","L","thort002","R","thort002","R","K","F",3,3,"T","T","",0
"BAL201908010",6,1,1,2,2,"FCFBFBFX","nuner001","R","nuner001","R","thort002","R","thort002","R","4/F8RS-","F",4,2,"T","T","",0
"BAL201908010",6,1,2,3,2,"CBSBBX","petej002","L","petej002","L","thort002","R","thort002","R","8/F8LD+","F",5,2,"T","T","",0
"BAL201908010",7,0,0,0,2,"CCT","hernt002","R","hernt002","R","tated001","R","tated001","R","K","F",7,3,"T","T","",0
"BAL201908010",7,0,1,0,0,"X","mckib001","L","mckib001","L","tated001","R","tated001","R","13/G13-","F",8,2,"T","T","",0
"BAL201908010",7,0,2,0,0,"X","jansd001","R","jansd001","R","tated001","R","tated001","R","53/G5","F",9,2,"T","T","",0
"BAL201908010",7,1,0,1,2,".CBCFX","siscc001","L","siscc001","L","boshb001","L","boshb001","L","S8/G4","F",6,20,"T","T","",0
"BAL201908010",7,1,0,1,2,"CFBX","albeh001","R","albeh001","R","boshb001","L","boshb001","L","S9/G34+.1-2","F",7,20,"T","T","",0
"BAL201908010",7,1,0,1,2,"CCBS","davic003","L","davic003","L","boshb001","L","boshb001","L","K","F",8,3,"T","T","",0
"BAL201908010",7,1,1,1,2,".BCCFX","rondj002","R","rondj002","R","boshb001","L","boshb001","L","2/F25F-","T",9,2,"T","T","wilks001",8
"BAL201908010",7,1,2,3,2,"CBBF*BC","villj001","R","villj001","R","boshb001","L","boshb001","L","K","F",1,3,"T","T","",0
"BAL201908010",8,0,0,0,2,".....CSX","bichb001","R","bichb001","R","tated001","R","tated001","R","9/F9LDF","F",1,2,"T","T","",0
"BAL201908010",8,0,1,2,1,"BBFX","biggc002","L","biggc002","L","tated001","R","tated001","R","43/G34","F",2,2,"T","T","",0
"BAL201908010",8,0,2,0,1,"CX","guerv002","R","guerv002","R","tated001","R","tated001","R","HR/F7LD+","F",3,23,"T","T","",0
"BAL201908010",8,0,2,1,1,"FBX","smoaj001","L","smoaj001","L","tated001","R","tated001","R","5/L6D","F",4,2,"T","T","",0
"BAL201908010",8,1,0,1,0,".BX","manct001","R","manct001","R","adamj002","R","adamj002","R","HR/F89XD+","F",2,23,"T","T","",0
"BAL201908010",8,1,0,1,2,"BCFFFX","santa003","L","santa003","L","adamj002","R","adamj002","R","8/F8LD+","F",3,2,"T","T","",0
"BAL201908010",8,1,1,2,0,"BBX","nuner001","R","nuner001","R","adamj002","R","adamj002","R","8/F8RXD+","F",4,2,"T","T","",0
"BAL201908010",8,1,2,3,2,"CBSFBBFX","petej002","L","petej002","L","adamj002","R","adamj002","R","8/F8RD","F",5,2,"T","T","",0
"BAL201908010",9,0,0,1,2,"CF.BS","fishd001","L","gricr001","R","tated001","R","tated001","R","K","T",5,3,"T","T","gricr001",9
"BAL201908010",9,0,1,0,2,"CFFX","galvf001","L","galvf001","L","tated001","R","tated001","R","8/F8LD","F",6,2,"T","T","",0
"BAL201908010",9,0,2,0,1,"FH","hernt002","R","hernt002","R","tated001","R","tated001","R","HP","F",7,16,"T","F","",0
"BAL201908010",9,0,2,2,1,"CBBX","mckib001","L","mckib001","L","tated001","R","tated001","R","HR/F89D+.1-H","F",8,23,"T","T","",0
"BAL201908010",9,0,2,1,0,".BX","jansd001","R","jansd001","R","bleir001","L","bleir001","L","S8/L8RS-","F",9,20,"T","T","",0
"BAL201908010",9,0,2,0,2,"FFFX","bichb001","R","bichb001","R","bleir001","L","bleir001","L","D48/G6M.1-3","F",1,21,"T","T","",0
"BAL201908010",9,0,2,0,2,"CFS","biggc002","L","biggc002","L","bleir001","L","bleir001","L","K","F",2,3,"T","T","",0
"BAL201908010",9,1,0,1,2,"..CFBS","siscc001","L","siscc001","L","law-d001","R","law-d001","R","K","F",6,3,"T","T","",0
"BAL201908010",9,1,1,2,2,"CCBFBH","martr006","R","martr006","R","law-d001","R","law-d001","R","HP","F",7,16,"T","F","",0
"BAL201908010",9,1,1,1,1,"BSX","davic003","L","davic003","L","law-d001","R","law-d001","R","45(1)3/GDP/G4","F",8,2,"T","T","",0
